<?xml version="1.0" encoding="UTF-8"?><project-modules id="moduleCoreId" project-version="1.5.0">
        
    <wb-module deploy-name="demo">
                
        <wb-resource deploy-path="/" source-path="/src/main/webapp" tag="defaultRootSource"/>
                
        <wb-resource deploy-path="/WEB-INF/classes" source-path="/src/main/java"/>
        <wb-resource deploy-path="/WEB-INF/classes" source-path="/src/main/webapp/WEB-INF/lib/jstl-1.2.jar"/>
        <wb-resource deploy-path="/WEB-INF/classes" source-path="/src/main/webapp/WEB-INF/lib/standard.jar"/>
                
        <property name="context-root" value="demo"/>
                
        <property name="java-output-path" value="/demo/build/classes"/>
            
    </wb-module>
    
</project-modules>
